{"cameraMode":{"drawMode":0,"name":"Shaded","section":"Shading Mode"},"sceneLighting":false,"audioPlay":false,"sceneViewState":{"showFog":true,"showMaterialUpdate":true,"showSkybox":false,"showFlares":true,"showImageEffects":true,"showParticleSystems":true},"in2DMode":false,"pivot":{"x":-2.8787221908569338,"y":7.206348419189453,"z":-2.997528076171875},"rotation":{"x":-0.43042460083961489,"y":0.04353969544172287,"z":-0.02089296467602253,"w":-0.9013850688934326},"size":20.773860931396486,"orthographic":false}