{"cameraMode":{"drawMode":0,"name":"Shaded","section":"Shading Mode"},"sceneLighting":false,"audioPlay":false,"sceneViewState":{"showFog":true,"showMaterialUpdate":true,"showSkybox":false,"showFlares":true,"showImageEffects":true,"showParticleSystems":true},"in2DMode":false,"pivot":{"x":1.0597014427185059,"y":-6.048279762268066,"z":6.30646276473999},"rotation":{"x":-0.3044288456439972,"y":0.24925649166107179,"z":-0.08296934515237808,"w":-0.9156433939933777},"size":32.92179489135742,"orthographic":false}