{"cameraMode":{"drawMode":0,"name":"Shaded","section":"Shading Mode"},"sceneLighting":false,"audioPlay":false,"sceneViewState":{"showFog":true,"showMaterialUpdate":true,"showSkybox":false,"showFlares":true,"showImageEffects":true,"showParticleSystems":true},"in2DMode":false,"pivot":{"x":5.490363597869873,"y":-2.2086338996887209,"z":0.6957054138183594},"rotation":{"x":-0.23232512176036836,"y":-0.5289746522903442,"z":0.15320207178592683,"w":-0.8017626404762268},"size":18.900821685791017,"orthographic":false}