{"cameraMode":{"drawMode":0,"name":"Shaded","section":"Shading Mode"},"sceneLighting":false,"audioPlay":false,"sceneViewState":{"showFog":true,"showMaterialUpdate":true,"showSkybox":false,"showFlares":true,"showImageEffects":true,"showParticleSystems":true},"in2DMode":false,"pivot":{"x":13.697744369506836,"y":-0.03761281073093414,"z":-26.858055114746095},"rotation":{"x":-0.20701007544994355,"y":-0.001497601275332272,"z":0.00013540324289351702,"w":-0.9784093499183655},"size":3.974514961242676,"orthographic":false}