{"cameraMode":{"drawMode":0,"name":"Shaded","section":"Shading Mode"},"sceneLighting":true,"audioPlay":false,"sceneViewState":{"showFog":true,"showMaterialUpdate":true,"showSkybox":true,"showFlares":true,"showImageEffects":true,"showParticleSystems":true},"in2DMode":false,"pivot":{"x":26.88578987121582,"y":-22.37034034729004,"z":-13.265656471252442},"rotation":{"x":-0.1898142397403717,"y":-0.7811169624328613,"z":0.28332775831222536,"w":-0.5230972170829773},"size":70.29651641845703,"orthographic":false}