{"cameraMode":{"drawMode":0,"name":"Shaded","section":"Shading Mode"},"sceneLighting":true,"audioPlay":false,"sceneViewState":{"showFog":true,"showMaterialUpdate":true,"showSkybox":true,"showFlares":true,"showImageEffects":true,"showParticleSystems":true},"in2DMode":false,"pivot":{"x":-2.1001007556915285,"y":-3.7008049488067629,"z":13.370059967041016},"rotation":{"x":-0.4436885714530945,"y":0.08604159951210022,"z":-0.042948927730321887,"w":-0.8910588622093201},"size":46.05660629272461,"orthographic":false}