{"cameraMode":{"drawMode":0,"name":"Shaded","section":"Shading Mode"},"sceneLighting":false,"audioPlay":false,"sceneViewState":{"showFog":true,"showMaterialUpdate":false,"showSkybox":false,"showFlares":true,"showImageEffects":true,"showParticleSystems":true},"in2DMode":false,"pivot":{"x":4.633411407470703,"y":1.3516409397125245,"z":-3.131460189819336},"rotation":{"x":-0.15592288970947267,"y":0.2833849787712097,"z":-0.04674156382679939,"w":-0.9451159834861755},"size":5.512501239776611,"orthographic":false}