{"cameraMode":{"drawMode":0,"name":"Shaded","section":"Shading Mode"},"sceneLighting":false,"audioPlay":false,"sceneViewState":{"showFog":true,"showMaterialUpdate":false,"showSkybox":false,"showFlares":true,"showImageEffects":true,"showParticleSystems":true},"in2DMode":false,"pivot":{"x":-5.957666397094727,"y":1.3186793327331544,"z":-2.4802188873291017},"rotation":{"x":-0.2837916314601898,"y":0.05949615314602852,"z":-0.01764802075922489,"w":-0.9569003582000732},"size":32.608116149902347,"orthographic":false}