{"cameraMode":{"drawMode":0,"name":"Shaded","section":"Shading Mode"},"sceneLighting":true,"audioPlay":false,"sceneViewState":{"showFog":true,"showMaterialUpdate":false,"showSkybox":true,"showFlares":true,"showImageEffects":true,"showParticleSystems":true},"in2DMode":false,"pivot":{"x":5.395183086395264,"y":1.6228898763656617,"z":0.1926255226135254},"rotation":{"x":-0.11391651630401612,"y":0.8311533331871033,"z":-0.18499600887298585,"w":-0.5118639469146729},"size":3.7125000953674318,"orthographic":false}