{"cameraMode":{"drawMode":0,"name":"Shaded","section":"Shading Mode"},"sceneLighting":false,"audioPlay":false,"sceneViewState":{"showFog":true,"showMaterialUpdate":true,"showSkybox":false,"showFlares":true,"showImageEffects":true,"showParticleSystems":true},"in2DMode":false,"pivot":{"x":-5.109217166900635,"y":1.0649423599243165,"z":-7.498674392700195},"rotation":{"x":-0.39372381567955019,"y":-0.08504460752010346,"z":0.036540430039167407,"w":-0.9146039485931397},"size":14.600098609924317,"orthographic":false}