{"cameraMode":{"drawMode":0,"name":"Shaded","section":"Shading Mode"},"sceneLighting":false,"audioPlay":false,"sceneViewState":{"showFog":true,"showMaterialUpdate":true,"showSkybox":false,"showFlares":true,"showImageEffects":true,"showParticleSystems":true},"in2DMode":false,"pivot":{"x":5.329999923706055,"y":5.008769989013672,"z":0.7799999713897705},"rotation":{"x":-0.23232512176036836,"y":-0.5289746522903442,"z":0.15320207178592683,"w":-0.8017626404762268},"size":7.566839218139648,"orthographic":false}