{"cameraMode":{"drawMode":0,"name":"Shaded","section":"Shading Mode"},"sceneLighting":true,"audioPlay":false,"sceneViewState":{"showFog":true,"showMaterialUpdate":true,"showSkybox":true,"showFlares":true,"showImageEffects":true,"showParticleSystems":true},"in2DMode":false,"pivot":{"x":25.973695755004884,"y":-16.459476470947267,"z":-9.43681526184082},"rotation":{"x":-0.23232512176036836,"y":-0.5289746522903442,"z":0.15320207178592683,"w":-0.8017626404762268},"size":46.98094940185547,"orthographic":false}