{"cameraMode":{"drawMode":0,"name":"Shaded","section":"Shading Mode"},"sceneLighting":true,"audioPlay":false,"sceneViewState":{"showFog":true,"showMaterialUpdate":false,"showSkybox":true,"showFlares":true,"showImageEffects":true,"showParticleSystems":true},"in2DMode":false,"pivot":{"x":4.698512077331543,"y":-4.129654884338379,"z":21.453889846801759},"rotation":{"x":-0.16009566187858582,"y":-0.01717810519039631,"z":0.002785199787467718,"w":-0.9869610667228699},"size":32.56312942504883,"orthographic":false}