{"cameraMode":{"drawMode":0,"name":"Shaded","section":"Shading Mode"},"sceneLighting":false,"audioPlay":false,"sceneViewState":{"showFog":true,"showMaterialUpdate":false,"showSkybox":false,"showFlares":true,"showImageEffects":true,"showParticleSystems":true},"in2DMode":false,"pivot":{"x":-0.5772027969360352,"y":-13.224136352539063,"z":12.029868125915528},"rotation":{"x":-0.3948238492012024,"y":0.3321523666381836,"z":-0.15568561851978303,"w":-0.8423498272895813},"size":38.0847282409668,"orthographic":false}