{"cameraMode":{"drawMode":0,"name":"Shaded","section":"Shading Mode"},"sceneLighting":false,"audioPlay":false,"sceneViewState":{"showFog":true,"showMaterialUpdate":false,"showSkybox":false,"showFlares":true,"showImageEffects":true,"showParticleSystems":true},"in2DMode":false,"pivot":{"x":-0.06950011849403382,"y":1.3320680856704713,"z":-0.9604267477989197},"rotation":{"x":-0.20064996182918549,"y":0.6358748078346252,"z":-0.17619608342647553,"w":-0.7241302728652954},"size":6.658722877502441,"orthographic":false}