{"cameraMode":{"drawMode":0,"name":"Shaded","section":"Shading Mode"},"sceneLighting":false,"audioPlay":false,"sceneViewState":{"showFog":true,"showMaterialUpdate":false,"showSkybox":false,"showFlares":true,"showImageEffects":true,"showParticleSystems":true},"in2DMode":false,"pivot":{"x":-0.34922951459884646,"y":0.8367627859115601,"z":-1.9000015258789063},"rotation":{"x":-0.20377475023269654,"y":0.7846376895904541,"z":-0.3311013877391815,"w":-0.4829023480415344},"size":6.658722877502441,"orthographic":false}