{"cameraMode":{"drawMode":0,"name":"Shaded","section":"Shading Mode"},"sceneLighting":false,"audioPlay":false,"sceneViewState":{"showFog":true,"showMaterialUpdate":false,"showSkybox":false,"showFlares":true,"showImageEffects":true,"showParticleSystems":true},"in2DMode":false,"pivot":{"x":0.7022291421890259,"y":3.865281581878662,"z":2.5580596923828127},"rotation":{"x":-0.2771069407463074,"y":0.01354452408850193,"z":-0.003907616250216961,"w":-0.9607377648353577},"size":9.04021167755127,"orthographic":false}