{"cameraMode":{"drawMode":0,"name":"Shaded","section":"Shading Mode"},"sceneLighting":true,"audioPlay":false,"sceneViewState":{"showFog":true,"showMaterialUpdate":false,"showSkybox":true,"showFlares":true,"showImageEffects":true,"showParticleSystems":true},"in2DMode":false,"pivot":{"x":654.6172485351563,"y":-17.20977210998535,"z":-199.25860595703126},"rotation":{"x":0.30298393964767458,"y":0.0000016843665662236163,"z":0.000029586453820229508,"w":0.953036904335022},"size":1292.36962890625,"orthographic":false}