{"cameraMode":{"drawMode":0,"name":"Shaded","section":"Shading Mode"},"sceneLighting":false,"audioPlay":false,"sceneViewState":{"showFog":true,"showMaterialUpdate":false,"showSkybox":false,"showFlares":true,"showImageEffects":true,"showParticleSystems":true},"in2DMode":false,"pivot":{"x":0.9622111320495606,"y":0.7949999570846558,"z":0.4825361967086792},"rotation":{"x":-0.15401040017604829,"y":0.23670344054698945,"z":-0.038031402975320819,"w":-0.9585438370704651},"size":3.462052345275879,"orthographic":false}