{"cameraMode":{"drawMode":0,"name":"Shaded","section":"Shading Mode"},"sceneLighting":false,"audioPlay":false,"sceneViewState":{"showFog":true,"showMaterialUpdate":false,"showSkybox":false,"showFlares":true,"showImageEffects":true,"showParticleSystems":true},"in2DMode":false,"pivot":{"x":0.5247802734375,"y":-10.059526443481446,"z":7.281532287597656},"rotation":{"x":-0.07595296204090119,"y":0.9079999327659607,"z":-0.18813824653625489,"w":-0.36656707525253298},"size":37.7828369140625,"orthographic":false}