{"cameraMode":{"drawMode":0,"name":"Shaded","section":"Shading Mode"},"sceneLighting":false,"audioPlay":false,"sceneViewState":{"showFog":true,"showMaterialUpdate":false,"showSkybox":false,"showFlares":true,"showImageEffects":true,"showParticleSystems":true},"in2DMode":false,"pivot":{"x":35.84292984008789,"y":-23.05320167541504,"z":-10.626909255981446},"rotation":{"x":0.13605916500091554,"y":0.8240288496017456,"z":-0.22301597893238069,"w":0.5027263164520264},"size":62.24515151977539,"orthographic":false}