{"cameraMode":{"drawMode":0,"name":"Shaded","section":"Shading Mode"},"sceneLighting":false,"audioPlay":false,"sceneViewState":{"showFog":true,"showMaterialUpdate":false,"showSkybox":false,"showFlares":true,"showImageEffects":true,"showParticleSystems":true},"in2DMode":false,"pivot":{"x":-7.590176105499268,"y":-8.92424201965332,"z":-11.343491554260254},"rotation":{"x":-0.06790843605995178,"y":0.9193829298019409,"z":-0.3416670262813568,"w":-0.18273288011550904},"size":62.24515151977539,"orthographic":false}