{"cameraMode":{"drawMode":0,"name":"Shaded","section":"Shading Mode"},"sceneLighting":false,"audioPlay":false,"sceneViewState":{"showFog":true,"showMaterialUpdate":false,"showSkybox":false,"showFlares":true,"showImageEffects":true,"showParticleSystems":true},"in2DMode":false,"pivot":{"x":-24.592796325683595,"y":-36.76319122314453,"z":30.206905364990236},"rotation":{"x":-0.30274009704589846,"y":0.38393789529800417,"z":-0.13486692309379579,"w":-0.8618339896202087},"size":75.2847900390625,"orthographic":false}