{"cameraMode":{"drawMode":0,"name":"Shaded","section":"Shading Mode"},"sceneLighting":false,"audioPlay":false,"sceneViewState":{"showFog":true,"showMaterialUpdate":false,"showSkybox":false,"showFlares":true,"showImageEffects":true,"showParticleSystems":true},"in2DMode":false,"pivot":{"x":-30.126605987548829,"y":-4.6802287101745609,"z":83.1239242553711},"rotation":{"x":-0.1285029947757721,"y":0.7926021814346314,"z":-0.1791643500328064,"w":-0.568482518196106},"size":49.597129821777347,"orthographic":false}