{"cameraMode":{"drawMode":0,"name":"Shaded","section":"Shading Mode"},"sceneLighting":false,"audioPlay":false,"sceneViewState":{"showFog":true,"showMaterialUpdate":false,"showSkybox":false,"showFlares":true,"showImageEffects":true,"showParticleSystems":true},"in2DMode":false,"pivot":{"x":-23.693187713623048,"y":-16.679834365844728,"z":90.79652404785156},"rotation":{"x":-0.20377475023269654,"y":0.7846376895904541,"z":-0.3311013877391815,"w":-0.4829023480415344},"size":49.597129821777347,"orthographic":false}