{"cameraMode":{"drawMode":0,"name":"Shaded","section":"Shading Mode"},"sceneLighting":false,"audioPlay":false,"sceneViewState":{"showFog":true,"showMaterialUpdate":false,"showSkybox":false,"showFlares":true,"showImageEffects":true,"showParticleSystems":true},"in2DMode":false,"pivot":{"x":-1.675082802772522,"y":-2.063563346862793,"z":1.9789655208587647},"rotation":{"x":0.328186959028244,"y":0.07216633856296539,"z":-0.025155775249004365,"w":0.9415306448936462},"size":11.059510231018067,"orthographic":false}