{"cameraMode":{"drawMode":0,"name":"Shaded","section":"Shading Mode"},"sceneLighting":false,"audioPlay":false,"sceneViewState":{"showFog":true,"showMaterialUpdate":false,"showSkybox":false,"showFlares":true,"showImageEffects":true,"showParticleSystems":true},"in2DMode":false,"pivot":{"x":108.5626449584961,"y":13.101680755615235,"z":27.84581756591797},"rotation":{"x":0.022403962910175325,"y":-0.4361875057220459,"z":0.010856824927031994,"w":0.8995258212089539},"size":83.55029296875,"orthographic":false}