{"cameraMode":{"drawMode":0,"name":"Shaded","section":"Shading Mode"},"sceneLighting":false,"audioPlay":false,"sceneViewState":{"showFog":true,"showMaterialUpdate":false,"showSkybox":false,"showFlares":true,"showImageEffects":true,"showParticleSystems":true},"in2DMode":false,"pivot":{"x":-0.0832815170288086,"y":-6.160066604614258,"z":-5.1128830909729},"rotation":{"x":-0.3948238492012024,"y":0.3321523666381836,"z":-0.15568561851978303,"w":-0.8423498272895813},"size":85.29176330566406,"orthographic":false}