{"cameraMode":{"drawMode":0,"name":"Shaded","section":"Shading Mode"},"sceneLighting":false,"audioPlay":false,"sceneViewState":{"showFog":true,"showMaterialUpdate":false,"showSkybox":false,"showFlares":true,"showImageEffects":true,"showParticleSystems":true},"in2DMode":false,"pivot":{"x":-7.340559482574463,"y":-4.446101188659668,"z":2.0902843475341799},"rotation":{"x":-0.15076905488967896,"y":0.8337153196334839,"z":-0.277496874332428,"w":-0.4529731273651123},"size":25.042194366455079,"orthographic":false}