{"cameraMode":{"drawMode":0,"name":"Shaded","section":"Shading Mode"},"sceneLighting":false,"audioPlay":false,"sceneViewState":{"showFog":true,"showMaterialUpdate":false,"showSkybox":false,"showFlares":true,"showImageEffects":true,"showParticleSystems":true},"in2DMode":false,"pivot":{"x":0.3987259864807129,"y":3.372178077697754,"z":10.747291564941407},"rotation":{"x":-0.35658833384513857,"y":0.02997969649732113,"z":-0.011449421755969525,"w":-0.9337113499641419},"size":26.027318954467775,"orthographic":false}