{"cameraMode":{"drawMode":0,"name":"Shaded","section":"Shading Mode"},"sceneLighting":true,"audioPlay":false,"sceneViewState":{"showFog":true,"showMaterialUpdate":false,"showSkybox":true,"showFlares":true,"showImageEffects":true,"showParticleSystems":true},"in2DMode":false,"pivot":{"x":-0.12541721761226655,"y":0.9719114899635315,"z":-4.890075206756592},"rotation":{"x":-0.14924238622188569,"y":-0.08088891208171845,"z":0.012250796891748906,"w":-0.9854111671447754},"size":61.132102966308597,"orthographic":false}