{"cameraMode":{"drawMode":0,"name":"Shaded","section":"Shading Mode"},"sceneLighting":false,"audioPlay":false,"sceneViewState":{"showFog":true,"showMaterialUpdate":false,"showSkybox":false,"showFlares":true,"showImageEffects":true,"showParticleSystems":true},"in2DMode":false,"pivot":{"x":-19.25288200378418,"y":-34.49691390991211,"z":9.223671913146973},"rotation":{"x":-0.3434785306453705,"y":0.2867971658706665,"z":-0.11101025342941284,"w":-0.8873828649520874},"size":81.8018569946289,"orthographic":false}