{"cameraMode":{"drawMode":0,"name":"Shaded","section":"Shading Mode"},"sceneLighting":false,"audioPlay":false,"sceneViewState":{"showFog":true,"showMaterialUpdate":false,"showSkybox":false,"showFlares":true,"showImageEffects":true,"showParticleSystems":true},"in2DMode":false,"pivot":{"x":14.997840881347657,"y":-6.320348262786865,"z":14.278993606567383},"rotation":{"x":0.13828431069850923,"y":0.7711030840873718,"z":-0.17917484045028687,"w":0.5951294302940369},"size":28.926477432250978,"orthographic":false}