{"cameraMode":{"drawMode":0,"name":"Shaded","section":"Shading Mode"},"sceneLighting":false,"audioPlay":false,"sceneViewState":{"showFog":true,"showMaterialUpdate":false,"showSkybox":false,"showFlares":true,"showImageEffects":true,"showParticleSystems":true},"in2DMode":false,"pivot":{"x":4.047529697418213,"y":2.5098154544830324,"z":-7.358575344085693},"rotation":{"x":-0.1370258778333664,"y":0.3545604348182678,"z":-0.05260968208312988,"w":-0.9234446883201599},"size":2.1587228775024416,"orthographic":false}