{"cameraMode":{"drawMode":0,"name":"Shaded","section":"Shading Mode"},"sceneLighting":false,"audioPlay":false,"sceneViewState":{"showFog":true,"showMaterialUpdate":false,"showSkybox":false,"showFlares":true,"showImageEffects":true,"showParticleSystems":true},"in2DMode":false,"pivot":{"x":0.7105725407600403,"y":-0.5584943294525147,"z":1.9113107919692994},"rotation":{"x":-0.15745341777801515,"y":0.8414939641952515,"z":-0.34178537130355837,"w":-0.3876587450504303},"size":11.801167488098145,"orthographic":false}