{"cameraMode":{"drawMode":0,"name":"Shaded","section":"Shading Mode"},"sceneLighting":false,"audioPlay":false,"sceneViewState":{"showFog":true,"showMaterialUpdate":false,"showSkybox":false,"showFlares":true,"showImageEffects":true,"showParticleSystems":true},"in2DMode":false,"pivot":{"x":3.5224592685699465,"y":5.687245845794678,"z":-13.839486122131348},"rotation":{"x":-0.028129739686846734,"y":0.9702173471450806,"z":-0.19648069143295289,"w":-0.13890118896961213},"size":8.633400917053223,"orthographic":false}