{"cameraMode":{"drawMode":0,"name":"Shaded","section":"Shading Mode"},"sceneLighting":true,"audioPlay":false,"sceneViewState":{"showFog":true,"showMaterialUpdate":false,"showSkybox":true,"showFlares":true,"showImageEffects":true,"showParticleSystems":true},"in2DMode":false,"pivot":{"x":-1.0294666290283204,"y":-0.9790284037590027,"z":9.708739280700684},"rotation":{"x":-0.2299432009458542,"y":-0.13443884253501893,"z":0.03187129274010658,"w":-0.9634405374526978},"size":29.2756290435791,"orthographic":false}