{"cameraMode":{"drawMode":0,"name":"Shaded","section":"Shading Mode"},"sceneLighting":false,"audioPlay":false,"sceneViewState":{"showFog":true,"showMaterialUpdate":false,"showSkybox":false,"showFlares":true,"showImageEffects":true,"showParticleSystems":true},"in2DMode":false,"pivot":{"x":1.1772046089172364,"y":-6.191050052642822,"z":18.164413452148439},"rotation":{"x":-0.30480146408081057,"y":0.07817338407039643,"z":-0.025109881535172464,"w":-0.9489290118217468},"size":18.37739372253418,"orthographic":false}