{"cameraMode":{"drawMode":0,"name":"Shaded","section":"Shading Mode"},"sceneLighting":false,"audioPlay":false,"sceneViewState":{"showFog":true,"showMaterialUpdate":false,"showSkybox":false,"showFlares":true,"showImageEffects":true,"showParticleSystems":true},"in2DMode":false,"pivot":{"x":11.429096221923829,"y":44.046958923339847,"z":-21.901025772094728},"rotation":{"x":-0.4154318571090698,"y":-0.002489230828359723,"z":0.0011029570596292616,"w":-0.9097649455070496},"size":2.3412601947784426,"orthographic":false}