{"cameraMode":{"drawMode":0,"name":"Shaded","section":"Shading Mode"},"sceneLighting":true,"audioPlay":false,"sceneViewState":{"showFog":true,"showMaterialUpdate":false,"showSkybox":true,"showFlares":true,"showImageEffects":true,"showParticleSystems":true},"in2DMode":false,"pivot":{"x":3.064603328704834,"y":0.5315998792648315,"z":4.368219375610352},"rotation":{"x":-0.14127719402313233,"y":-0.1191202700138092,"z":0.01690845377743244,"w":-0.9827226400375366},"size":22.57195472717285,"orthographic":false}