{"cameraMode":{"drawMode":0,"name":"Shaded","section":"Shading Mode"},"sceneLighting":false,"audioPlay":false,"sceneViewState":{"showFog":true,"showMaterialUpdate":false,"showSkybox":false,"showFlares":true,"showImageEffects":true,"showParticleSystems":true},"in2DMode":false,"pivot":{"x":-5.8478193283081059,"y":-8.34895133972168,"z":-14.407113075256348},"rotation":{"x":-0.021358782425522805,"y":0.9730899333953857,"z":-0.2061947137117386,"w":-0.10077794641256333},"size":42.21841049194336,"orthographic":false}