{"cameraMode":{"drawMode":0,"name":"Shaded","section":"Shading Mode"},"sceneLighting":false,"audioPlay":false,"sceneViewState":{"showFog":true,"showMaterialUpdate":false,"showSkybox":false,"showFlares":true,"showImageEffects":true,"showParticleSystems":true},"in2DMode":false,"pivot":{"x":0.9653881788253784,"y":2.444594621658325,"z":12.211403846740723},"rotation":{"x":-0.3222406506538391,"y":-0.5413982272148132,"z":0.23439428210258485,"w":-0.7406378388404846},"size":32.14958953857422,"orthographic":false}