{"cameraMode":{"drawMode":0,"name":"Shaded","section":"Shading Mode"},"sceneLighting":false,"audioPlay":false,"sceneViewState":{"showFog":true,"showMaterialUpdate":false,"showSkybox":false,"showFlares":true,"showImageEffects":true,"showParticleSystems":true},"in2DMode":false,"pivot":{"x":4.229907512664795,"y":2.665639877319336,"z":5.079257488250732},"rotation":{"x":0.26714521646499636,"y":-0.48030662536621096,"z":0.1563812494277954,"w":0.8207059502601624},"size":10.447678565979004,"orthographic":false}