{"cameraMode":{"drawMode":0,"name":"Shaded","section":"Shading Mode"},"sceneLighting":false,"audioPlay":false,"sceneViewState":{"showFog":true,"showMaterialUpdate":false,"showSkybox":false,"showFlares":true,"showImageEffects":true,"showParticleSystems":true},"in2DMode":false,"pivot":{"x":-1.7812446355819703,"y":2.6735117435455324,"z":21.327661514282228},"rotation":{"x":0.26607251167297366,"y":-0.590783953666687,"z":0.2151341587305069,"w":0.7309041619300842},"size":9.218277931213379,"orthographic":false}