{"cameraMode":{"drawMode":0,"name":"Shaded","section":"Shading Mode"},"sceneLighting":false,"audioPlay":false,"sceneViewState":{"showFog":true,"showMaterialUpdate":false,"showSkybox":false,"showFlares":true,"showImageEffects":true,"showParticleSystems":true},"in2DMode":false,"pivot":{"x":-4.367156028747559,"y":-7.356772422790527,"z":11.976537704467774},"rotation":{"x":-0.2912120223045349,"y":0.21208228170871736,"z":-0.06637461483478546,"w":-0.9304898381233215},"size":35.40272521972656,"orthographic":false}