{"cameraMode":{"drawMode":0,"name":"Shaded","section":"Shading Mode"},"sceneLighting":false,"audioPlay":false,"sceneViewState":{"showFog":true,"showMaterialUpdate":false,"showSkybox":false,"showFlares":true,"showImageEffects":true,"showParticleSystems":true},"in2DMode":false,"pivot":{"x":-3.85239315032959,"y":-64.42967224121094,"z":100.72965240478516},"rotation":{"x":-0.2943667769432068,"y":0.010982929728925228,"z":-0.004270908888429403,"w":-0.9558553695678711},"size":136.90797424316407,"orthographic":false}