{"cameraMode":{"drawMode":0,"name":"Shaded","section":"Shading Mode"},"sceneLighting":false,"audioPlay":false,"sceneViewState":{"showFog":true,"showMaterialUpdate":false,"showSkybox":false,"showFlares":true,"showImageEffects":true,"showParticleSystems":true},"in2DMode":false,"pivot":{"x":13.51405143737793,"y":-7.172560214996338,"z":7.618879318237305},"rotation":{"x":-0.09670165926218033,"y":-0.8203867673873901,"z":0.14569099247455598,"w":-0.5444861054420471},"size":62.200504302978519,"orthographic":false}