{"cameraMode":{"drawMode":0,"name":"Shaded","section":"Shading Mode"},"sceneLighting":false,"audioPlay":false,"sceneViewState":{"showFog":true,"showMaterialUpdate":false,"showSkybox":false,"showFlares":true,"showImageEffects":true,"showParticleSystems":true},"in2DMode":false,"pivot":{"x":-7.325815200805664,"y":-26.276409149169923,"z":20.034709930419923},"rotation":{"x":0.3685256242752075,"y":-0.15095540881156922,"z":0.060889970511198047,"w":0.915382981300354},"size":44.98045349121094,"orthographic":false}