{"cameraMode":{"drawMode":0,"name":"Shaded","section":"Shading Mode"},"sceneLighting":false,"audioPlay":false,"sceneViewState":{"showFog":true,"showMaterialUpdate":false,"showSkybox":false,"showFlares":true,"showImageEffects":true,"showParticleSystems":true},"in2DMode":false,"pivot":{"x":0.7898075580596924,"y":3.0322234630584719,"z":14.844904899597168},"rotation":{"x":-0.3222406506538391,"y":-0.5413982272148132,"z":0.23439428210258485,"w":-0.7406378388404846},"size":30.28779411315918,"orthographic":false}