{"cameraMode":{"drawMode":0,"name":"Shaded","section":"Shading Mode"},"sceneLighting":false,"audioPlay":false,"sceneViewState":{"showFog":true,"showMaterialUpdate":false,"showSkybox":false,"showFlares":true,"showImageEffects":true,"showParticleSystems":true},"in2DMode":false,"pivot":{"x":1.3912334442138672,"y":0.17458152770996095,"z":10.017032623291016},"rotation":{"x":-0.3137657642364502,"y":0.15900778770446778,"z":-0.05390765890479088,"w":-0.9346848130226135},"size":24.784902572631837,"orthographic":false}