{"cameraMode":{"drawMode":0,"name":"Shaded","section":"Shading Mode"},"sceneLighting":false,"audioPlay":false,"sceneViewState":{"showFog":true,"showMaterialUpdate":false,"showSkybox":false,"showFlares":true,"showImageEffects":true,"showParticleSystems":true},"in2DMode":false,"pivot":{"x":-20.042957305908204,"y":-24.10260581970215,"z":4.65244722366333},"rotation":{"x":-0.3748220205307007,"y":0.4844152629375458,"z":-0.24126628041267396,"w":-0.7528179883956909},"size":77.88488006591797,"orthographic":false}