{"cameraMode":{"drawMode":0,"name":"Shaded","section":"Shading Mode"},"sceneLighting":false,"audioPlay":false,"sceneViewState":{"showFog":true,"showMaterialUpdate":false,"showSkybox":false,"showFlares":true,"showImageEffects":true,"showParticleSystems":true},"in2DMode":false,"pivot":{"x":379.1099853515625,"y":-297.85369873046877,"z":1047.8673095703125},"rotation":{"x":-0.12434922158718109,"y":-0.17089010775089265,"z":0.02174425683915615,"w":-0.9772927165031433},"size":1185.78857421875,"orthographic":false}