{"cameraMode":{"drawMode":0,"name":"Shaded","section":"Shading Mode"},"sceneLighting":false,"audioPlay":false,"sceneViewState":{"showFog":true,"showMaterialUpdate":false,"showSkybox":false,"showFlares":true,"showImageEffects":true,"showParticleSystems":true},"in2DMode":false,"pivot":{"x":46.59526062011719,"y":-866.678955078125,"z":724.0101318359375},"rotation":{"x":-0.42580127716064455,"y":-0.030407005921006204,"z":0.01431309338659048,"w":-0.9043209552764893},"size":1190.2579345703125,"orthographic":false}