{"cameraMode":{"drawMode":0,"name":"Shaded","section":"Shading Mode"},"sceneLighting":false,"audioPlay":false,"sceneViewState":{"showFog":true,"showMaterialUpdate":false,"showSkybox":false,"showFlares":true,"showImageEffects":true,"showParticleSystems":true},"in2DMode":false,"pivot":{"x":-0.6734020113945007,"y":-22.017913818359376,"z":37.60660934448242},"rotation":{"x":0.3702392578125,"y":-0.05968819558620453,"z":0.024562010541558267,"w":0.9269277453422546},"size":68.89474487304688,"orthographic":false}