{"cameraMode":{"drawMode":0,"name":"Shaded","section":"Shading Mode"},"sceneLighting":false,"audioPlay":false,"sceneViewState":{"showFog":true,"showMaterialUpdate":false,"showSkybox":false,"showFlares":true,"showImageEffects":true,"showParticleSystems":true},"in2DMode":false,"pivot":{"x":-13.11479377746582,"y":5.705216407775879,"z":-5.076005935668945},"rotation":{"x":0.26219385862350466,"y":0.09832693636417389,"z":-0.026656245812773706,"w":0.9597711563110352},"size":24.108564376831056,"orthographic":false}