{"cameraMode":{"drawMode":0,"name":"Shaded","section":"Shading Mode"},"sceneLighting":false,"audioPlay":false,"sceneViewState":{"showFog":true,"showMaterialUpdate":false,"showSkybox":false,"showFlares":true,"showImageEffects":true,"showParticleSystems":true},"in2DMode":false,"pivot":{"x":7.489227771759033,"y":1.0070720911026,"z":15.182855606079102},"rotation":{"x":0.2338065654039383,"y":-0.6927895545959473,"z":0.25631627440452578,"w":0.6323946118354797},"size":44.98045349121094,"orthographic":false}