{"cameraMode":{"drawMode":0,"name":"Shaded","section":"Shading Mode"},"sceneLighting":true,"audioPlay":false,"sceneViewState":{"showFog":true,"showMaterialUpdate":false,"showSkybox":true,"showFlares":true,"showImageEffects":true,"showParticleSystems":true},"in2DMode":false,"pivot":{"x":-26.901657104492189,"y":-39.587745666503909,"z":4.226058006286621},"rotation":{"x":0.3081330955028534,"y":-0.6715192198753357,"z":0.3674832284450531,"w":0.5652279257774353},"size":60.51949691772461,"orthographic":false}