{"cameraMode":{"drawMode":0,"name":"Shaded","section":"Shading Mode"},"sceneLighting":false,"audioPlay":false,"sceneViewState":{"showFog":true,"showMaterialUpdate":false,"showSkybox":false,"showFlares":true,"showImageEffects":true,"showParticleSystems":true},"in2DMode":false,"pivot":{"x":390.24365234375,"y":213.83145141601563,"z":-32.232181549072269},"rotation":{"x":0.0565202422440052,"y":-0.0441199466586113,"z":-0.0025005314964801075,"w":-0.9974288940429688},"size":859.268310546875,"orthographic":false}