{"cameraMode":{"drawMode":0,"name":"Shaded","section":"Shading Mode"},"sceneLighting":false,"audioPlay":false,"sceneViewState":{"showFog":true,"showMaterialUpdate":false,"showSkybox":false,"showFlares":true,"showImageEffects":true,"showParticleSystems":true},"in2DMode":false,"pivot":{"x":-2.6857476234436037,"y":1.8107073307037354,"z":9.084129333496094},"rotation":{"x":-0.32789134979248049,"y":-0.612023115158081,"z":0.3086604177951813,"w":-0.6502941846847534},"size":2.0412604808807375,"orthographic":false}