{"cameraMode":{"drawMode":0,"name":"Shaded","section":"Shading Mode"},"sceneLighting":false,"audioPlay":false,"sceneViewState":{"showFog":true,"showMaterialUpdate":false,"showSkybox":false,"showFlares":true,"showImageEffects":true,"showParticleSystems":true},"in2DMode":false,"pivot":{"x":450.2424011230469,"y":248.67076110839845,"z":-41.534027099609378},"rotation":{"x":0.0565202422440052,"y":-0.0441199466586113,"z":-0.0025005314964801075,"w":-0.9974288940429688},"size":406.58544921875,"orthographic":false}