{"cameraMode":{"drawMode":0,"name":"Shaded","section":"Shading Mode"},"sceneLighting":false,"audioPlay":false,"sceneViewState":{"showFog":true,"showMaterialUpdate":false,"showSkybox":false,"showFlares":true,"showImageEffects":true,"showParticleSystems":true},"in2DMode":false,"pivot":{"x":23.331945419311525,"y":-24.296798706054689,"z":-5.685673713684082},"rotation":{"x":-0.3392871618270874,"y":-0.5070933699607849,"z":0.22662924230098725,"w":-0.7592529058456421},"size":62.200504302978519,"orthographic":false}