{"cameraMode":{"drawMode":0,"name":"Shaded","section":"Shading Mode"},"sceneLighting":false,"audioPlay":false,"sceneViewState":{"showFog":true,"showMaterialUpdate":false,"showSkybox":false,"showFlares":true,"showImageEffects":true,"showParticleSystems":true},"in2DMode":false,"pivot":{"x":5.238924980163574,"y":1.899195671081543,"z":0.21851973235607148},"rotation":{"x":0.08933800458908081,"y":-0.5892277359962463,"z":0.06646282970905304,"w":0.8005258440971375},"size":18.74970054626465,"orthographic":false}