{"cameraMode":{"drawMode":0,"name":"Shaded","section":"Shading Mode"},"sceneLighting":false,"audioPlay":false,"sceneViewState":{"showFog":true,"showMaterialUpdate":false,"showSkybox":false,"showFlares":true,"showImageEffects":true,"showParticleSystems":true},"in2DMode":false,"pivot":{"x":-1.0700000524520875,"y":0.3499999940395355,"z":10.829999923706055},"rotation":{"x":-0.3473329246044159,"y":-0.23063430190086366,"z":0.08856914192438126,"w":-0.9047445058822632},"size":2.0412604808807375,"orthographic":false}