{"cameraMode":{"drawMode":0,"name":"Shaded","section":"Shading Mode"},"sceneLighting":false,"audioPlay":false,"sceneViewState":{"showFog":true,"showMaterialUpdate":false,"showSkybox":false,"showFlares":true,"showImageEffects":true,"showParticleSystems":true},"in2DMode":false,"pivot":{"x":-794.583984375,"y":-843.0984497070313,"z":126.26277923583985},"rotation":{"x":0.29942575097084048,"y":-0.5978943705558777,"z":0.25654205679893496,"w":0.698039710521698},"size":1190.2579345703125,"orthographic":false}