{"cameraMode":{"drawMode":0,"name":"Shaded","section":"Shading Mode"},"sceneLighting":false,"audioPlay":false,"sceneViewState":{"showFog":true,"showMaterialUpdate":false,"showSkybox":false,"showFlares":true,"showImageEffects":true,"showParticleSystems":true},"in2DMode":false,"pivot":{"x":16.8256778717041,"y":23.223228454589845,"z":-64.82780456542969},"rotation":{"x":-0.2420765608549118,"y":0.6887571811676025,"z":-0.2655016779899597,"w":-0.629927396774292},"size":40.21065139770508,"orthographic":false}