{"cameraMode":{"drawMode":0,"name":"Shaded","section":"Shading Mode"},"sceneLighting":false,"audioPlay":false,"sceneViewState":{"showFog":true,"showMaterialUpdate":false,"showSkybox":false,"showFlares":true,"showImageEffects":true,"showParticleSystems":true},"in2DMode":false,"pivot":{"x":-0.20018959045410157,"y":0.6258811950683594,"z":3.926547050476074},"rotation":{"x":-0.2974824905395508,"y":-0.6612895131111145,"z":0.3214642405509949,"w":-0.6093416810035706},"size":32.14958953857422,"orthographic":false}