{"cameraMode":{"drawMode":0,"name":"Shaded","section":"Shading Mode"},"sceneLighting":false,"audioPlay":false,"sceneViewState":{"showFog":true,"showMaterialUpdate":false,"showSkybox":false,"showFlares":true,"showImageEffects":true,"showParticleSystems":true},"in2DMode":false,"pivot":{"x":1.647834062576294,"y":-11.420347213745118,"z":-50.59341049194336},"rotation":{"x":0.016180798411369325,"y":0.9828391671180725,"z":-0.1512477546930313,"w":0.10477543622255326},"size":64.0652847290039,"orthographic":false}