{"cameraMode":{"drawMode":0,"name":"Shaded","section":"Shading Mode"},"sceneLighting":false,"audioPlay":false,"sceneViewState":{"showFog":true,"showMaterialUpdate":false,"showSkybox":false,"showFlares":true,"showImageEffects":true,"showParticleSystems":true},"in2DMode":false,"pivot":{"x":1.7501113414764405,"y":-5.764410018920898,"z":18.794471740722658},"rotation":{"x":-0.293851375579834,"y":-0.0576012097299099,"z":0.01774217188358307,"w":-0.954007625579834},"size":16.659029006958009,"orthographic":false}