{"cameraMode":{"drawMode":0,"name":"Shaded","section":"Shading Mode"},"sceneLighting":false,"audioPlay":false,"sceneViewState":{"showFog":true,"showMaterialUpdate":false,"showSkybox":false,"showFlares":true,"showImageEffects":true,"showParticleSystems":true},"in2DMode":false,"pivot":{"x":10.47416877746582,"y":-5.227330207824707,"z":3.476201057434082},"rotation":{"x":-0.24256913363933564,"y":-0.578250527381897,"z":0.1839328557252884,"w":-0.7572346925735474},"size":32.14958953857422,"orthographic":false}