{"cameraMode":{"drawMode":0,"name":"Shaded","section":"Shading Mode"},"sceneLighting":true,"audioPlay":false,"sceneViewState":{"showFog":true,"showMaterialUpdate":false,"showSkybox":true,"showFlares":true,"showImageEffects":true,"showParticleSystems":true},"in2DMode":false,"pivot":{"x":11.7523775100708,"y":-550.89990234375,"z":858.420166015625},"rotation":{"x":0.3078415095806122,"y":0.008747799322009087,"z":-0.0018690467113628984,"w":0.9516345262527466},"size":961.843017578125,"orthographic":false}