{"cameraMode":{"drawMode":0,"name":"Shaded","section":"Shading Mode"},"sceneLighting":false,"audioPlay":false,"sceneViewState":{"showFog":true,"showMaterialUpdate":false,"showSkybox":false,"showFlares":true,"showImageEffects":true,"showParticleSystems":true},"in2DMode":false,"pivot":{"x":3.5799999237060549,"y":0.009999997913837433,"z":6.53000020980835},"rotation":{"x":-0.14127719402313233,"y":-0.1191202700138092,"z":0.01690845377743244,"w":-0.9827226400375366},"size":2.340301036834717,"orthographic":false}