{"cameraMode":{"drawMode":0,"name":"Shaded","section":"Shading Mode"},"sceneLighting":false,"audioPlay":false,"sceneViewState":{"showFog":true,"showMaterialUpdate":false,"showSkybox":false,"showFlares":true,"showImageEffects":true,"showParticleSystems":true},"in2DMode":false,"pivot":{"x":-23.759815216064454,"y":-16.460866928100587,"z":21.555463790893556},"rotation":{"x":0.24404224753379823,"y":-0.4677312970161438,"z":0.1361258625984192,"w":0.8385446071624756},"size":44.04410171508789,"orthographic":false}