{"cameraMode":{"drawMode":0,"name":"Shaded","section":"Shading Mode"},"sceneLighting":false,"audioPlay":false,"sceneViewState":{"showFog":true,"showMaterialUpdate":false,"showSkybox":false,"showFlares":true,"showImageEffects":true,"showParticleSystems":true},"in2DMode":false,"pivot":{"x":-1.660000205039978,"y":2.4900002479553224,"z":12.251999855041504},"rotation":{"x":-0.3472597301006317,"y":-0.07362838089466095,"z":0.027281155809760095,"w":-0.9345678091049194},"size":6.042742729187012,"orthographic":false}