{"cameraMode":{"drawMode":0,"name":"Shaded","section":"Shading Mode"},"sceneLighting":false,"audioPlay":false,"sceneViewState":{"showFog":true,"showMaterialUpdate":false,"showSkybox":false,"showFlares":true,"showImageEffects":true,"showParticleSystems":true},"in2DMode":false,"pivot":{"x":5.33907413482666,"y":1.9102838039398194,"z":-0.7260944843292236},"rotation":{"x":0.09250342845916748,"y":0.8921379446983337,"z":-0.21294789016246797,"w":0.38753992319107058},"size":9.218277931213379,"orthographic":false}