{"cameraMode":{"drawMode":0,"name":"Shaded","section":"Shading Mode"},"sceneLighting":true,"audioPlay":false,"sceneViewState":{"showFog":true,"showMaterialUpdate":false,"showSkybox":true,"showFlares":true,"showImageEffects":true,"showParticleSystems":true},"in2DMode":false,"pivot":{"x":-8.875594139099121,"y":17.737804412841798,"z":59.580562591552737},"rotation":{"x":0.056997790932655337,"y":-0.2504432201385498,"z":0.015378287993371487,"w":0.9665467739105225},"size":28.991012573242189,"orthographic":false}