{"cameraMode":{"drawMode":0,"name":"Shaded","section":"Shading Mode"},"sceneLighting":false,"audioPlay":false,"sceneViewState":{"showFog":true,"showMaterialUpdate":false,"showSkybox":false,"showFlares":true,"showImageEffects":true,"showParticleSystems":true},"in2DMode":false,"pivot":{"x":-1.8674200773239136,"y":-3.119109869003296,"z":12.059320449829102},"rotation":{"x":-0.24073517322540284,"y":0.1112283393740654,"z":-0.027853747829794885,"w":-0.9638839364051819},"size":18.904489517211915,"orthographic":false}