{"cameraMode":{"drawMode":0,"name":"Shaded","section":"Shading Mode"},"sceneLighting":false,"audioPlay":false,"sceneViewState":{"showFog":true,"showMaterialUpdate":false,"showSkybox":false,"showFlares":true,"showImageEffects":true,"showParticleSystems":true},"in2DMode":false,"pivot":{"x":-29.07240867614746,"y":-44.24936294555664,"z":79.88060760498047},"rotation":{"x":-0.24408075213432313,"y":0.17246447503566743,"z":-0.04498302564024925,"w":-0.9534686803817749},"size":136.90797424316407,"orthographic":false}