{"cameraMode":{"drawMode":0,"name":"Shaded","section":"Shading Mode"},"sceneLighting":false,"audioPlay":false,"sceneViewState":{"showFog":true,"showMaterialUpdate":false,"showSkybox":false,"showFlares":true,"showImageEffects":true,"showParticleSystems":true},"in2DMode":false,"pivot":{"x":1099.1968994140625,"y":5289.41015625,"z":233.02879333496095},"rotation":{"x":-0.05040279030799866,"y":-0.04802800714969635,"z":-0.0018671746365725995,"w":0.9977849125862122},"size":14722.76171875,"orthographic":false}