{"cameraMode":{"drawMode":0,"name":"Shaded","section":"Shading Mode"},"sceneLighting":false,"audioPlay":false,"sceneViewState":{"showFog":true,"showMaterialUpdate":false,"showSkybox":false,"showFlares":true,"showImageEffects":true,"showParticleSystems":true},"in2DMode":false,"pivot":{"x":24.583988189697267,"y":-13.213240623474121,"z":-23.20497703552246},"rotation":{"x":0.1354777216911316,"y":0.7426427602767944,"z":-0.15806153416633607,"w":0.6365185379981995},"size":56.361610412597659,"orthographic":false}