{"cameraMode":{"drawMode":0,"name":"Shaded","section":"Shading Mode"},"sceneLighting":true,"audioPlay":false,"sceneViewState":{"showFog":true,"showMaterialUpdate":false,"showSkybox":true,"showFlares":true,"showImageEffects":true,"showParticleSystems":true},"in2DMode":false,"pivot":{"x":0.9841198921203613,"y":0.6760538816452026,"z":-1.9098296165466309},"rotation":{"x":-0.024324966594576837,"y":0.9741866588592529,"z":-0.1836300790309906,"w":-0.1290464997291565},"size":10.722830772399903,"orthographic":false}