{"cameraMode":{"drawMode":0,"name":"Shaded","section":"Shading Mode"},"sceneLighting":false,"audioPlay":false,"sceneViewState":{"showFog":true,"showMaterialUpdate":false,"showSkybox":false,"showFlares":true,"showImageEffects":true,"showParticleSystems":true},"in2DMode":false,"pivot":{"x":-21.99620819091797,"y":-12.228852272033692,"z":14.785747528076172},"rotation":{"x":0.42131561040878298,"y":-0.03801705688238144,"z":0.01779094524681568,"w":0.9060689806938171},"size":61.997039794921878,"orthographic":false}