{"cameraMode":{"drawMode":0,"name":"Shaded","section":"Shading Mode"},"sceneLighting":false,"audioPlay":false,"sceneViewState":{"showFog":true,"showMaterialUpdate":false,"showSkybox":false,"showFlares":true,"showImageEffects":true,"showParticleSystems":true},"in2DMode":false,"pivot":{"x":3.3285670280456545,"y":8.290653228759766,"z":14.414727210998536},"rotation":{"x":-0.4022134244441986,"y":0.01690058968961239,"z":-0.007970921695232392,"w":-0.9155129194259644},"size":32.276390075683597,"orthographic":false}