{"cameraMode":{"drawMode":0,"name":"Shaded","section":"Shading Mode"},"sceneLighting":false,"audioPlay":false,"sceneViewState":{"showFog":true,"showMaterialUpdate":false,"showSkybox":false,"showFlares":true,"showImageEffects":true,"showParticleSystems":true},"in2DMode":false,"pivot":{"x":125.81486511230469,"y":303.3202819824219,"z":-26.532562255859376},"rotation":{"x":0.03259499743580818,"y":-0.01719498448073864,"z":-0.0005612638196907938,"w":-0.9993265271186829},"size":331.9848327636719,"orthographic":false}