{"cameraMode":{"drawMode":0,"name":"Shaded","section":"Shading Mode"},"sceneLighting":true,"audioPlay":false,"sceneViewState":{"showFog":true,"showMaterialUpdate":false,"showSkybox":true,"showFlares":true,"showImageEffects":true,"showParticleSystems":true},"in2DMode":false,"pivot":{"x":0.0,"y":2.309999942779541,"z":0.5850000381469727},"rotation":{"x":-0.3447708785533905,"y":0.06244875490665436,"z":-0.022994566708803178,"w":-0.9363278150558472},"size":4.063385963439941,"orthographic":false}