{"cameraMode":{"drawMode":0,"name":"Shaded","section":"Shading Mode"},"sceneLighting":false,"audioPlay":false,"sceneViewState":{"showFog":true,"showMaterialUpdate":false,"showSkybox":false,"showFlares":true,"showImageEffects":true,"showParticleSystems":true},"in2DMode":false,"pivot":{"x":-6.274412631988525,"y":4.303980827331543,"z":-4.983278274536133},"rotation":{"x":-0.3447708785533905,"y":0.06244875490665436,"z":-0.022994566708803178,"w":-0.9363278150558472},"size":12.045443534851075,"orthographic":false}