{"cameraMode":{"drawMode":0,"name":"Shaded","section":"Shading Mode"},"sceneLighting":false,"audioPlay":false,"sceneViewState":{"showFog":true,"showMaterialUpdate":false,"showSkybox":false,"showFlares":true,"showImageEffects":true,"showParticleSystems":true},"in2DMode":false,"pivot":{"x":12.688514709472657,"y":0.021913131698966028,"z":-26.211172103881837},"rotation":{"x":-0.2970958352088928,"y":-0.030934924259781839,"z":0.009626271203160286,"w":-0.9543097615242004},"size":3.6324238777160646,"orthographic":false}