{"cameraMode":{"drawMode":0,"name":"Shaded","section":"Shading Mode"},"sceneLighting":true,"audioPlay":false,"sceneViewState":{"showFog":true,"showMaterialUpdate":false,"showSkybox":true,"showFlares":true,"showImageEffects":true,"showParticleSystems":true},"in2DMode":false,"pivot":{"x":-1.554785966873169,"y":5.597240447998047,"z":26.1047306060791},"rotation":{"x":-0.43843746185302737,"y":0.013986719772219658,"z":-0.006907537113875151,"w":-0.8986750841140747},"size":10.066581726074219,"orthographic":false}