{"cameraMode":{"drawMode":0,"name":"Shaded","section":"Shading Mode"},"sceneLighting":false,"audioPlay":false,"sceneViewState":{"showFog":true,"showMaterialUpdate":false,"showSkybox":false,"showFlares":true,"showImageEffects":true,"showParticleSystems":true},"in2DMode":false,"pivot":{"x":0.04738198593258858,"y":6.791611671447754,"z":-6.692069053649902},"rotation":{"x":0.27055802941322329,"y":-0.471074640750885,"z":0.15445661544799806,"w":0.8252661228179932},"size":4.739264488220215,"orthographic":false}