{"cameraMode":{"drawMode":0,"name":"Shaded","section":"Shading Mode"},"sceneLighting":false,"audioPlay":false,"sceneViewState":{"showFog":true,"showMaterialUpdate":false,"showSkybox":false,"showFlares":true,"showImageEffects":true,"showParticleSystems":true},"in2DMode":false,"pivot":{"x":-5.567839622497559,"y":-0.38077035546302798,"z":3.083709478378296},"rotation":{"x":0.1558602750301361,"y":-0.4467894434928894,"z":0.07937254011631012,"w":0.8773833513259888},"size":12.41733455657959,"orthographic":false}