{"cameraMode":{"drawMode":0,"name":"Shaded","section":"Shading Mode"},"sceneLighting":false,"audioPlay":false,"sceneViewState":{"showFog":true,"showMaterialUpdate":false,"showSkybox":false,"showFlares":true,"showImageEffects":true,"showParticleSystems":true},"in2DMode":false,"pivot":{"x":10.485260009765625,"y":1.2331631183624268,"z":0.493452250957489},"rotation":{"x":0.1792697161436081,"y":-0.02656363882124424,"z":0.004845840856432915,"w":0.983435332775116},"size":4.739264488220215,"orthographic":false}