{"cameraMode":{"drawMode":0,"name":"Shaded","section":"Shading Mode"},"sceneLighting":false,"audioPlay":false,"sceneViewState":{"showFog":true,"showMaterialUpdate":false,"showSkybox":false,"showFlares":true,"showImageEffects":true,"showParticleSystems":true},"in2DMode":false,"pivot":{"x":0.8206928968429565,"y":1.6508959531784058,"z":0.03771671652793884},"rotation":{"x":-0.08855011314153671,"y":0.6887809038162231,"z":-0.0853663980960846,"w":-0.7144650816917419},"size":5.268203258514404,"orthographic":false}