{"cameraMode":{"drawMode":0,"name":"Shaded","section":"Shading Mode"},"sceneLighting":false,"audioPlay":false,"sceneViewState":{"showFog":true,"showMaterialUpdate":false,"showSkybox":false,"showFlares":true,"showImageEffects":true,"showParticleSystems":true},"in2DMode":false,"pivot":{"x":2.8654441833496095,"y":1.7038984298706055,"z":2.752220630645752},"rotation":{"x":-0.48589634895324709,"y":-0.14090420305728913,"z":0.07969522476196289,"w":-0.8589386940002441},"size":9.22153377532959,"orthographic":false}