{"cameraMode":{"drawMode":0,"name":"Shaded","section":"Shading Mode"},"sceneLighting":false,"audioPlay":false,"sceneViewState":{"showFog":true,"showMaterialUpdate":false,"showSkybox":false,"showFlares":true,"showImageEffects":true,"showParticleSystems":true},"in2DMode":false,"pivot":{"x":-3.2350311279296877,"y":-0.7409214973449707,"z":-1.970314860343933},"rotation":{"x":-0.17481599748134614,"y":0.03159667178988457,"z":-0.00561278872191906,"w":-0.9840811491012573},"size":12.41733455657959,"orthographic":false}