{"cameraMode":{"drawMode":0,"name":"Shaded","section":"Shading Mode"},"sceneLighting":false,"audioPlay":false,"sceneViewState":{"showFog":true,"showMaterialUpdate":false,"showSkybox":false,"showFlares":true,"showImageEffects":true,"showParticleSystems":true},"in2DMode":false,"pivot":{"x":7.35213041305542,"y":-10.912515640258789,"z":-5.022997856140137},"rotation":{"x":-0.20356884598731996,"y":-0.767218828201294,"z":0.29300400614738467,"w":-0.5330379009246826},"size":35.277835845947269,"orthographic":false}